time_utc_iso,twl_ft_mllw,tide_ft_mllw,surge_ft,src_time
2026-04-05T06:00:00.000Z,5.467,4.809,0.5,202604050600
2026-04-05T07:00:00.000Z,4.168,3.623,0.5,202604050700
2026-04-05T08:00:00.000Z,3.03,2.339,0.5,202604050800
2026-04-05T09:00:00.000Z,2.02,1.175,0.6,202604050900
2026-04-05T10:00:00.000Z,1.548,0.408,0.7,202604051000
2026-04-05T11:00:00.000Z,1.708,0.275,0.8,202604051100
2026-04-05T12:00:00.000Z,2.778,0.808,0.7,202604051200
2026-04-05T13:00:00.000Z,3.837,1.89,0.7,202604051300
2026-04-05T14:00:00.000Z,5.047,3.269,0.8,202604051400
2026-04-05T15:00:00.000Z,5.949,4.36,0.8,202604051500
2026-04-05T16:00:00.000Z,6.277,4.812,0.8,202604051600
2026-04-05T17:00:00.000Z,5.959,4.665,0.7,202604051700
2026-04-05T18:00:00.000Z,5.028,4.056,0.5,202604051800
2026-04-05T19:00:00.000Z,3.958,3.158,0.4,202604051900
2026-04-05T20:00:00.000Z,2.719,2.151,0.3,202604052000
2026-04-05T21:00:00.000Z,1.748,1.211,0.3,202604052100
2026-04-05T22:00:00.000Z,1.01,0.569,0.2,202604052200
2026-04-05T23:00:00.000Z,1.22,0.497,0.2,202604052300
2026-04-06T00:00:00.000Z,2.138,1.119,0.3,202604060000
2026-04-06T01:00:00.000Z,3.329,2.295,0.3,202604060100
2026-04-06T02:00:00.000Z,4.867,3.802,0.3,202604060200
2026-04-06T03:00:00.000Z,6.038,5.145,0.3,202604060300
2026-04-06T04:00:00.000Z,6.579,5.842,0.3,202604060400
2026-04-06T05:00:00.000Z,6.399,5.85,0.2,202604060500
2026-04-06T06:00:00.000Z,5.448,5.294,0.2,202604060600
2026-04-06T07:00:00.000Z,4.218,4.345,0.2,202604060700
2026-04-06T08:00:00.000Z,3.197,3.205,0.2,202604060800
2026-04-06T09:00:00.000Z,1.981,2.058,0.1,202604060900
2026-04-06T10:00:00.000Z,1.118,1.104,0.1,202604061000
2026-04-06T11:00:00.000Z,0.629,0.578,0,202604061100
2026-04-06T12:00:00.000Z,0.99,0.646,0.2,202604061200
2026-04-06T13:00:00.000Z,1.728,1.276,0.2,202604061300
2026-04-06T14:00:00.000Z,2.84,2.339,0.2,202604061400
2026-04-06T15:00:00.000Z,4.08,3.539,0.2,202604061500
2026-04-06T16:00:00.000Z,4.929,4.336,0.2,202604061600
2026-04-06T17:00:00.000Z,5.247,4.54,0.2,202604061700
2026-04-06T18:00:00.000Z,4.988,4.243,0.2,202604061800
2026-04-06T19:00:00.000Z,4.257,3.585,0.2,202604061900
2026-04-06T20:00:00.000Z,3.138,2.736,0.2,202604062000
2026-04-06T21:00:00.000Z,2.089,1.865,0.2,202604062100
2026-04-06T22:00:00.000Z,1.21,1.127,0.2,202604062200
2026-04-06T23:00:00.000Z,0.77,0.723,0.2,202604062300
2026-04-07T00:00:00.000Z,1.538,0.885,0.1,202604070000
2026-04-07T01:00:00.000Z,2.679,1.65,0.1,202604070100
2026-04-07T02:00:00.000Z,3.86,2.843,0.1,202604070200
2026-04-07T03:00:00.000Z,4.979,4.218,0.1,202604070300
2026-04-07T04:00:00.000Z,5.926,5.286,0.1,202604070400
2026-04-07T05:00:00.000Z,6.327,5.714,0.1,202604070500
2026-04-07T06:00:00.000Z,5.877,5.536,0,202604070600
2026-04-07T07:00:00.000Z,4.818,4.89,0,202604070700
2026-04-07T08:00:00.000Z,3.778,3.953,0,202604070800
2026-04-07T09:00:00.000Z,2.689,2.914,0,202604070900
2026-04-07T10:00:00.000Z,1.767,1.932,0,202604071000
2026-04-07T11:00:00.000Z,1.02,1.17,0,202604071100
2026-04-07T12:00:00.000Z,0.839,0.825,0.1,202604071200
2026-04-07T13:00:00.000Z,1.108,1.015,0,202604071300
2026-04-07T14:00:00.000Z,1.928,1.671,0,202604071400
2026-04-07T15:00:00.000Z,3.129,2.656,0,202604071500
2026-04-07T16:00:00.000Z,3.909,3.651,0,202604071600
2026-04-07T17:00:00.000Z,4.48,4.208,0,202604071700
2026-04-07T18:00:00.000Z,4.549,4.243,0,202604071800
2026-04-07T19:00:00.000Z,4.027,3.864,0,202604071900
2026-04-07T20:00:00.000Z,3.309,3.217,0,202604072000
2026-04-07T21:00:00.000Z,2.368,2.463,0,202604072100
2026-04-07T22:00:00.000Z,1.42,1.742,0,202604072200
2026-04-07T23:00:00.000Z,0.859,1.176,-0.1,202604072300
2026-04-08T00:00:00.000Z,0.819,0.947,-0.1,202604080000
2026-04-08T01:00:00.000Z,1.548,1.256,-0.1,202604080100
2026-04-08T02:00:00.000Z,2.689,2.079,-0.1,202604080200
2026-04-08T03:00:00.000Z,3.699,3.221,-0.1,202604080300
2026-04-08T04:00:00.000Z,4.7,4.432,-0.1,202604080400
2026-04-08T05:00:00.000Z,5.638,5.271,-0.1,202604080500
2026-04-08T06:00:00.000Z,5.949,5.511,-0.2,202604080600
2026-04-08T07:00:00.000Z,5.579,5.224,-0.1,202604080700
2026-04-08T08:00:00.000Z,4.729,4.557,-0.1,202604080800
2026-04-08T09:00:00.000Z,3.719,3.685,-0.1,202604080900
2026-04-08T10:00:00.000Z,2.84,2.767,0,202604081000
2026-04-08T11:00:00.000Z,2.02,1.924,0,202604081100
2026-04-08T12:00:00.000Z,1.338,1.296,0,202604081200
2026-04-08T13:00:00.000Z,1.38,1.066,0,202604081300
2026-04-08T14:00:00.000Z,2.22,1.317,0,202604081400
2026-04-08T15:00:00.000Z,3.25,1.95,0,202604081500
2026-04-08T16:00:00.000Z,4.247,2.833,0.1,202604081600
2026-04-08T17:00:00.000Z,4.69,3.66,0.1,202604081700
2026-04-08T18:00:00.000Z,5.188,4.052,0.3,202604081800
2026-04-08T19:00:00.000Z,5.149,3.988,0.2,202604081900
2026-04-08T20:00:00.000Z,4.437,3.591,0.2,202604082000
2026-04-08T21:00:00.000Z,3.578,2.998,0.2,202604082100
2026-04-08T22:00:00.000Z,2.758,2.347,0.3,202604082200
2026-04-08T23:00:00.000Z,1.99,1.739,0.3,202604082300
2026-04-09T00:00:00.000Z,1.728,1.28,0.4,202604090000
2026-04-09T01:00:00.000Z,1.981,1.154,0.4,202604090100
2026-04-09T02:00:00.000Z,2.807,1.539,0.4,202604090200
2026-04-09T03:00:00.000Z,3.709,2.358,0.4,202604090300
2026-04-09T04:00:00.000Z,4.759,3.42,0.4,202604090400
2026-04-09T05:00:00.000Z,5.638,4.497,0.4,202604090500
2026-04-09T06:00:00.000Z,6.149,5.179,0.4,202604090600
2026-04-09T07:00:00.000Z,6.107,5.307,0.4,202604090700
2026-04-09T08:00:00.000Z,5.516,4.981,0.4,202604090800
2026-04-09T09:00:00.000Z,4.588,4.346,0.4,202604090900
2026-04-09T10:00:00.000Z,3.66,3.552,0.3,202604091000
2026-04-09T11:00:00.000Z,2.738,2.722,0.3,202604091100
2026-04-09T12:00:00.000Z,1.967,1.956,0.3,202604091200
2026-04-09T13:00:00.000Z,1.42,1.402,0.3,202604091300
2026-04-09T14:00:00.000Z,1.439,1.238,0.3,202604091400
2026-04-09T15:00:00.000Z,2.191,1.507,0.3,202604091500
2026-04-09T16:00:00.000Z,2.988,2.097,0.3,202604091600
2026-04-09T17:00:00.000Z,3.719,2.913,0.3,202604091700
2026-04-09T18:00:00.000Z,4.29,3.639,0.3,202604091800
2026-04-09T19:00:00.000Z,4.769,3.942,0.3,202604091900
2026-04-09T20:00:00.000Z,4.628,3.848,0.3,202604092000
2026-04-09T21:00:00.000Z,4.037,3.475,0.3,202604092100
2026-04-09T22:00:00.000Z,3.188,2.939,0.3,202604092200
2026-04-09T23:00:00.000Z,2.509,2.347,0.3,202604092300
2026-04-10T00:00:00.000Z,1.928,1.783,0.3,202604100000
2026-04-10T01:00:00.000Z,1.699,1.364,0.3,202604100100
2026-04-10T02:00:00.000Z,1.981,1.284,0.3,202604100200
2026-04-10T03:00:00.000Z,2.387,1.69,0.3,202604100300
2026-04-10T04:00:00.000Z,3.578,2.469,0.3,202604100400
2026-04-10T05:00:00.000Z,4.529,3.477,0.3,202604100500
2026-04-10T06:00:00.000Z,5.428,4.483,0.2,202604100600
2026-04-10T07:00:00.000Z,5.677,5.081,0.2,202604100700
2026-04-10T08:00:00.000Z,5.838,5.171,0.2,202604100800
2026-04-10T09:00:00.000Z,5.208,4.859,0.2,202604100900
2026-04-10T10:00:00.000Z,4.339,4.263,0.2,202604101000
2026-04-10T11:00:00.000Z,3.489,3.505,0.2,202604101100
2026-04-10T12:00:00.000Z,2.65,2.696,0.2,202604101200
2026-04-10T13:00:00.000Z,1.951,1.949,0.2,202604101300
2026-04-10T14:00:00.000Z,1.478,1.428,0.2,202604101400
2026-04-10T15:00:00.000Z,1.395,1.297,0.2,202604101500
2026-04-10T16:00:00.000Z,1.713,1.567,0.2,202604101600
2026-04-10T17:00:00.000Z,2.342,2.148,0.2,202604101700
2026-04-10T18:00:00.000Z,3.207,2.965,0.2,202604101800
2026-04-10T19:00:00.000Z,3.954,3.664,0.2,202604101900
2026-04-10T20:00:00.000Z,4.293,3.955,0.2,202604102000
2026-04-10T21:00:00.000Z,4.368,3.882,0.3,202604102100
2026-04-10T22:00:00.000Z,4.066,3.532,0.3,202604102200
2026-04-10T23:00:00.000Z,3.685,3.003,0.4,202604102300
2026-04-11T00:00:00.000Z,3.125,2.395,0.4,202604110000
2026-04-11T01:00:00.000Z,2.538,1.808,0.4,202604110100
2026-04-11T02:00:00.000Z,2.106,1.376,0.4,202604110200
2026-04-11T03:00:00.000Z,2.027,1.297,0.4,202604110300
2026-04-11T04:00:00.000Z,2.417,1.687,0.4,202604110400
2026-04-11T05:00:00.000Z,3.074,2.444,0.3,202604110500
2026-04-11T06:00:00.000Z,4.087,3.457,0.3,202604110600
2026-04-11T07:00:00.000Z,5.084,4.454,0.3,202604110700
2026-04-11T08:00:00.000Z,5.574,5.044,0.2,202604110800
2026-04-11T09:00:00.000Z,5.686,5.156,0.2,202604110900
2026-04-11T10:00:00.000Z,5.292,4.862,0.1,202604111000
2026-04-11T11:00:00.000Z,4.686,4.256,0.1,202604111100
2026-04-11T12:00:00.000Z,3.797,3.467,0,202604111200
2026-04-11T13:00:00.000Z,2.95,2.62,0,202604111300
2026-04-11T14:00:00.000Z,2.179,1.849,0,202604111400
2026-04-11T15:00:00.000Z,1.659,1.329,0,202604111500
2026-04-11T16:00:00.000Z,1.549,1.219,0,202604111600
2026-04-11T17:00:00.000Z,1.852,1.522,0,202604111700
2026-04-11T18:00:00.000Z,2.502,2.172,0,202604111800
2026-04-11T19:00:00.000Z,3.393,3.063,0,202604111900
2026-04-11T20:00:00.000Z,4.24,3.81,0.1,202604112000
2026-04-11T21:00:00.000Z,4.582,4.152,0.1,202604112100
2026-04-11T22:00:00.000Z,4.533,4.103,0.1,202604112200
2026-04-11T23:00:00.000Z,4.254,3.724,0.2,202604112300
2026-04-12T00:00:00.000Z,3.654,3.124,0.2,202604120000
2026-04-12T01:00:00.000Z,2.962,2.432,0.2,202604120100
2026-04-12T02:00:00.000Z,2.294,1.764,0.2,202604120200
2026-04-12T03:00:00.000Z,1.705,1.275,0.1,202604120300
2026-04-12T04:00:00.000Z,1.598,1.168,0.1,202604120400
2026-04-12T05:00:00.000Z,1.983,1.553,0.1,202604120500
2026-04-12T06:00:00.000Z,2.772,2.342,0.1,202604120600
2026-04-12T07:00:00.000Z,3.851,3.421,0.1,202604120700
2026-04-12T08:00:00.000Z,4.907,4.477,0.1,202604120800
2026-04-12T09:00:00.000Z,5.55,5.12,0.1,202604120900
2026-04-12T10:00:00.000Z,5.689,5.259,0.1,202604121000
2026-04-12T11:00:00.000Z,5.363,4.933,0.1,202604121100
2026-04-12T12:00:00.000Z,4.782,4.252,0.2,202604121200
2026-04-12T13:00:00.000Z,3.906,3.376,0.2,202604121300
2026-04-12T14:00:00.000Z,2.977,2.447,0.2,202604121400
2026-04-12T15:00:00.000Z,2.149,1.619,0.2,202604121500
2026-04-12T16:00:00.000Z,1.62,1.09,0.2,202604121600
2026-04-12T17:00:00.000Z,1.559,1.029,0.2,202604121700
2026-04-12T18:00:00.000Z,2.07,1.44,0.3,202604121800
2026-04-12T19:00:00.000Z,2.876,2.246,0.3,202604121900
2026-04-12T20:00:00.000Z,3.921,3.291,0.3,202604122000
2026-04-12T21:00:00.000Z,4.778,4.148,0.3,202604122100
2026-04-12T22:00:00.000Z,5.174,4.544,0.3,202604122200
2026-04-12T23:00:00.000Z,5.191,4.461,0.4,202604122300
2026-04-13T00:00:00.000Z,4.707,3.977,0.4,202604130000
2026-04-13T01:00:00.000Z,3.974,3.244,0.4,202604130100
2026-04-13T02:00:00.000Z,3.14,2.41,0.4,202604130200
2026-04-13T03:00:00.000Z,2.343,1.613,0.4,202604130300
2026-04-13T04:00:00.000Z,1.768,1.038,0.4,202604130400
2026-04-13T05:00:00.000Z,1.642,0.912,0.4,202604130500
2026-04-13T06:00:00.000Z,2.169,1.339,0.5,202604130600
2026-04-13T07:00:00.000Z,3.055,2.225,0.5,202604130700
2026-04-13T08:00:00.000Z,4.17,3.44,0.4,202604130800
2026-04-13T09:00:00.000Z,5.341,4.611,0.4,202604130900
2026-04-13T10:00:00.000Z,6.039,5.309,0.4,202604131000
2026-04-13T11:00:00.000Z,6.147,5.417,0.4,202604131100
2026-04-13T12:00:00.000Z,5.623,4.993,0.3,202604131200
2026-04-13T13:00:00.000Z,4.82,4.19,0.3,202604131300
2026-04-13T14:00:00.000Z,3.719,3.189,0.2,202604131400
2026-04-13T15:00:00.000Z,2.678,2.148,0.2,202604131500
2026-04-13T16:00:00.000Z,1.781,1.251,0.2,202604131600
2026-04-13T17:00:00.000Z,1.168,0.738,0.1,202604131700
2026-04-13T18:00:00.000Z,1.224,0.794,0.1,202604131800
2026-04-13T19:00:00.000Z,1.829,1.399,0.1,202604131900
2026-04-13T20:00:00.000Z,2.785,2.455,0,202604132000
2026-04-13T21:00:00.000Z,4.053,3.723,0,202604132100
2026-04-13T22:00:00.000Z,5.018,4.688,0,202604132200
2026-04-13T23:00:00.000Z,5.397,5.067,0,202604132300
2026-04-14T00:00:00.000Z,5.2,4.87,0,202604140000
2026-04-14T01:00:00.000Z,4.555,4.225,0,202604140100
2026-04-14T02:00:00.000Z,3.639,3.309,0,202604140200
2026-04-14T03:00:00.000Z,2.52,2.29,-0.1,202604140300
2026-04-14T04:00:00.000Z,1.566,1.336,-0.1,202604140400
2026-04-14T05:00:00.000Z,0.91,0.68,-0.1,202604140500
2026-04-14T06:00:00.000Z,0.706,0.576,-0.2,202604140600
2026-04-14T07:00:00.000Z,1.234,1.104,-0.2,202604140700
2026-04-14T08:00:00.000Z,2.291,2.161,-0.2,202604140800
2026-04-14T09:00:00.000Z,3.708,3.578,-0.2,202604140900
2026-04-14T10:00:00.000Z,4.993,4.863,-0.2,202604141000
2026-04-14T11:00:00.000Z,5.675,5.545,-0.2,202604141100
2026-04-14T12:00:00.000Z,5.68,5.55,-0.2,202604141200
